,/intelcpu/0/load/1,/intelcpu/0/load/2,/intelcpu/0/load/3,/intelcpu/0/load/4,/intelcpu/0/load/0,/intelcpu/0/temperature/0,/intelcpu/0/temperature/1,/intelcpu/0/temperature/2,/intelcpu/0/temperature/3,/intelcpu/0/temperature/4,/intelcpu/0/clock/1,/intelcpu/0/clock/2,/intelcpu/0/clock/3,/intelcpu/0/clock/4,/intelcpu/0/power/0,/intelcpu/0/power/1,/intelcpu/0/power/2,/intelcpu/0/power/3,/intelcpu/0/clock/0,/ram/load/0,/ram/data/0,/ram/data/1,/hdd/0/temperature/0,/hdd/0/load/0
Time,"CPU Core #1","CPU Core #2","CPU Core #3","CPU Core #4","CPU Total","CPU Core #1","CPU Core #2","CPU Core #3","CPU Core #4","CPU Package","CPU Core #1","CPU Core #2","CPU Core #3","CPU Core #4","CPU Package","CPU Cores","CPU Graphics","CPU DRAM","Bus Speed","Memory","Used Memory","Available Memory","Temperature","Used Space"
12/27/2019 00:03:19,9.230768,4.615384,10.76923,6.153846,7.69230747,39,36,38,40,40,997.7004,997.7004,997.7004,997.7004,4.586658,0.781313062,0.00503106927,1.04041314,99.7700348,55.2562027,4.370907,3.5393486,37,46.3100166
12/27/2019 00:08:19,10.76923,4.615384,12.3076916,6.153846,8.461541,40,36,38,39,40,1197.2395,1197.2395,1197.2395,1197.2395,4.2252,0.61133486,0.00515085738,1.02849448,99.76996,55.3696747,4.379883,3.53037262,37,46.3102036
12/27/2019 00:13:19,7.69230747,7.69230747,4.615384,10.76923,7.69230747,39,36,38,40,39,798.1598,798.1598,798.1598,798.1598,3.87773347,0.5193098,0.00510599557,1.04534745,99.76997,55.4561462,4.38672256,3.52353287,37,46.3105049
12/27/2019 00:18:19,7.69230747,0,6.153846,6.153846,5.000001,39,36,38,39,39,798.160034,798.160034,798.160034,798.160034,4.368364,0.7069451,0.005652194,1.05106747,99.7700043,56.36682,4.45875931,3.45149612,37,46.3108635
12/27/2019 00:23:19,12.3076916,10.76923,7.69230747,12.3076916,10.76923,39,35,39,39,38,798.160156,798.160156,1197.24023,1197.24023,4.432899,0.786483049,0.004699378,1.04235816,99.77002,55.5964737,4.39782333,3.512432,37,46.3111572
12/27/2019 00:28:19,6.153846,6.153846,1.53846145,9.230768,5.769229,38,36,38,38,39,1197.23987,1197.23987,1197.23987,1197.23987,4.537349,0.824047863,0.005838335,1.05517375,99.77,55.6244469,4.400036,3.51021957,37,46.3115
12/27/2019 00:33:19,13.8461533,7.69230747,13.8461533,10.76923,11.5384579,38,37,39,37,39,798.1605,798.1605,798.1605,798.1605,4.33088732,0.6895731,0.004843783,1.03481376,99.7700653,55.6878624,4.405052,3.50520325,37,46.3110733
12/27/2019 00:38:20,38.4615364,24.6153831,52.30769,43.07692,39.61538,41,39,42,42,42,3292.40918,3292.40918,3292.40918,3292.40918,21.585146,13.5919809,0.009851568,1.49179173,99.76997,55.7434654,4.40945053,3.500805,37,46.3117256
12/27/2019 00:43:20,10.76923,9.230768,4.615384,6.153846,7.69230747,39,36,38,38,39,1197.24023,1197.24023,1197.24023,1197.24023,4.28843927,0.6813594,0.005910181,1.02873337,99.77002,55.7011261,4.406101,3.50415421,37,46.31221
12/27/2019 00:48:20,16.9230766,13.8461533,27.6923065,38.4615364,24.2307663,41,39,41,44,44,3292.41016,3591.72021,3292.41016,3591.72021,15.6934977,8.565675,0.009103223,1.32792544,99.77001,56.65602,4.481636,3.42861938,37,46.3124466
12/27/2019 00:53:20,7.69230747,6.153846,4.615384,7.69230747,6.53846264,39,35,37,37,40,798.160156,798.160156,798.160156,798.160156,4.588244,0.7285581,0.00555376243,1.03353727,99.77002,55.94403,4.425316,3.48493958,37,46.31286
12/27/2019 00:58:20,12.3076916,6.153846,6.153846,10.76923,8.846151,39,37,39,39,39,997.7004,997.7004,997.7004,997.7004,4.4569397,0.695230246,0.005608641,1.03862381,99.77004,55.97128,4.427471,3.48278427,37,46.3132
12/27/2019 01:03:20,3.076923,15.3846149,12.3076916,15.3846149,11.5384579,39,36,39,37,38,798.1598,798.1598,798.1598,798.1598,4.627711,0.7590889,0.006526158,1.04255378,99.76997,56.00084,4.42980957,3.48044586,37,46.3135033
12/27/2019 01:08:20,10.76923,6.153846,7.69230747,9.230768,8.4615345,40,37,39,38,40,798.16,798.16,798.16,798.16,4.340063,0.6273838,0.00500556128,1.04797161,99.77,56.12584,4.43969727,3.47055817,37,46.3131256
12/27/2019 01:13:21,9.230768,4.615384,10.76923,12.3076916,9.230768,39,35,39,38,39,798.159546,798.159546,798.159546,798.159546,4.45622444,0.730493665,0.005293873,1.05360246,99.76994,56.16582,4.44285965,3.46739578,37,46.3132744
12/27/2019 01:18:21,13.8461533,12.3076916,9.230768,9.230768,11.153841,40,36,39,38,40,798.159668,798.159668,798.159668,798.159668,4.73356533,0.7488116,0.005717957,1.04439986,99.76996,57.1331558,4.51937866,3.39087677,37,46.3127365
12/27/2019 01:23:21,12.3076916,3.076923,13.8461533,9.230768,9.615385,39,36,39,38,39,798.1599,798.1599,798.1599,798.1599,4.704253,0.68043685,0.00493549975,1.04355717,99.76999,56.35023,4.457447,3.45280838,37,46.3129921
12/27/2019 01:28:21,7.69230747,3.076923,6.153846,6.153846,5.769229,39,35,38,39,39,798.1483,798.1483,798.1483,798.1483,4.385974,0.645527244,0.00523644453,1.046687,99.76854,56.3946457,4.46096039,3.449295,37,46.313282
12/27/2019 01:33:21,13.8461533,6.153846,12.3076916,7.69230747,10.0000019,39,36,38,38,39,997.7001,997.7001,997.7001,997.7001,4.65240335,0.7024649,0.005946983,1.03243232,99.77001,56.39556,4.461033,3.44922256,37,46.31353
12/27/2019 01:38:21,9.230768,1.53846145,9.230768,6.153846,6.538457,39,37,38,38,38,798.1599,997.6999,997.6999,997.6999,4.59657526,0.7479088,0.005958713,1.02814877,99.76999,56.43496,4.46414948,3.446106,37,46.3131
12/27/2019 01:43:21,10.76923,9.230768,9.230768,12.3076916,10.3846188,39,36,39,37,39,798.16095,798.16095,798.16095,798.16095,4.76939535,0.760785043,0.00470402138,1.03609085,99.77012,56.51212,4.470253,3.44000244,37,46.3134422
12/27/2019 01:48:22,12.3076916,6.153846,6.153846,9.230768,8.4615345,40,37,39,39,39,798.160156,798.160156,798.160156,798.160156,4.85674667,0.788712263,0.005241614,1.03464639,99.77002,57.4497032,4.54441833,3.365837,37,46.3137474
12/27/2019 01:53:22,33.8461533,27.6923065,49.2307663,46.1538429,39.2307625,39,37,39,40,40,798.159058,798.159058,798.159058,798.159058,18.0570469,11.1057863,0.009403308,1.58304989,99.76988,56.822834,4.494831,3.41542435,37,46.314
12/27/2019 01:58:22,9.230768,4.615384,12.3076916,9.230768,8.846151,38,36,38,38,39,798.1597,798.1597,798.1597,798.1597,4.461571,0.6367998,0.00547720073,1.02574122,99.7699661,56.7368927,4.48803329,3.42222214,37,46.314373
12/27/2019 02:03:22,29.2307682,24.6153831,33.8461533,33.8461533,30.384613,43,41,44,42,44,3292.408,3591.71753,3591.71753,3591.71753,16.0188446,9.02399349,0.006344004,1.39738429,99.7699356,56.9073219,4.50151443,3.408741,37,46.3145447
12/27/2019 02:08:22,12.3076916,6.153846,12.3076916,6.153846,9.230768,39,36,39,38,39,798.160034,798.160034,798.160034,798.160034,4.70796,0.7131763,0.005881124,1.03363764,99.7700043,56.9242477,4.50285339,3.407402,37,46.31511
12/27/2019 02:13:22,9.230768,6.153846,6.153846,6.153846,6.923074,39,37,38,38,40,997.7001,997.7001,997.7001,1197.24011,4.54673862,0.7766791,0.00517625548,1.04006624,99.77001,57.0275459,4.51102448,3.399231,37,46.3145981
12/27/2019 02:18:22,6.153846,7.69230747,10.76923,12.3076916,9.230768,39,36,38,40,40,798.160339,798.160339,798.160339,798.160339,5.162051,0.987762,0.00415304257,1.03976536,99.77004,57.9299736,4.582409,3.32784653,37,46.31492
12/27/2019 02:23:23,7.69230747,9.230768,10.76923,6.153846,8.4615345,40,36,39,38,41,798.1605,798.1605,798.1605,798.1605,4.62117529,0.7682278,0.00518136565,1.04711783,99.7700653,57.11329,4.517807,3.39244843,37,46.31523
12/27/2019 02:28:23,10.76923,6.153846,7.69230747,3.076923,6.92307949,39,36,37,37,39,798.159851,798.159851,798.159851,798.159851,4.536927,0.7080154,0.004980952,1.03867853,99.76998,57.121006,4.51841736,3.391838,37,46.3154755
12/27/2019 02:33:23,15.3846149,12.3076916,6.153846,10.76923,11.153841,39,37,39,39,40,798.159851,798.159851,798.159851,798.159851,4.71529675,0.741690934,0.006007054,1.03795886,99.76998,57.1689873,4.522213,3.38804245,37,46.31592
12/27/2019 02:38:23,10.76923,6.153846,9.230768,6.153846,8.076924,39,36,37,38,40,798.1598,798.1598,798.1598,798.1598,4.63624,0.6758023,0.00547720073,1.03814018,99.76997,57.14719,4.52048874,3.38976669,37,46.31612
12/27/2019 02:43:23,18.4615364,9.230768,10.76923,4.615384,10.76923,41,36,39,39,40,798.1599,798.1599,798.1599,798.1599,4.61244726,0.7557615,0.005635537,1.03268218,99.76999,57.24104,4.527912,3.38234329,37,46.3165779
12/27/2019 02:48:23,4.615384,6.153846,4.615384,6.153846,5.384612,39,37,37,38,38,798.159851,798.159851,798.159851,798.159851,4.972338,1.08865821,0.005045925,1.03189158,99.76998,58.2817726,4.610237,3.30001831,37,46.3159332
12/27/2019 02:53:24,10.76923,7.69230747,10.76923,3.076923,8.076918,39,36,39,38,40,798.160645,798.160645,798.160645,1297.011,4.46013165,0.688639641,0.00536211068,1.04199672,99.77008,57.4935875,4.54788971,3.36236572,37,46.31634
12/27/2019 02:58:24,16.9230766,7.69230747,16.9230766,9.230768,12.6923084,39,36,38,37,39,798.159668,798.159668,798.159668,798.159668,4.75741243,0.7484473,0.00557558471,1.0322026,99.76996,57.53328,4.551029,3.35922623,37,46.3167038
12/27/2019 03:03:24,9.230768,6.153846,7.69230747,7.69230747,7.69230747,40,36,38,37,40,997.7001,997.7001,997.7001,997.7001,4.64783764,0.7734082,0.00552648958,1.03867972,99.7700043,57.7279625,4.566429,3.34382629,37,46.4022675
12/27/2019 03:08:24,15.3846149,26.1538448,36.9230728,23.0769215,25.3846111,39,38,44,41,44,3491.95215,3292.412,3491.95215,3491.95215,10.6556454,4.897217,0.04532054,1.19072175,99.7700653,57.9552422,4.584408,3.32584763,37,46.4025459
12/27/2019 03:13:24,7.69230747,7.69230747,10.76923,4.615384,7.69230747,40,37,37,39,39,798.159851,798.159851,798.159851,798.159851,4.566821,0.7192931,0.00536740944,1.04393089,99.76998,57.7734375,4.5700264,3.340229,37,46.4028549
12/27/2019 03:18:24,32.30769,21.53846,39.9999962,53.8461571,36.92307,42,38,41,41,42,2793.5603,2793.5603,2793.5603,2793.5603,21.42465,13.6083107,0.0100210253,1.477739,99.7700043,58.9285164,4.661396,3.24885941,37,46.4028778
12/27/2019 03:23:24,1.53846145,6.153846,13.8461533,7.69230747,7.30769634,39,37,38,38,38,798.1599,798.1599,798.1599,798.1599,4.52659559,0.6910087,0.005488025,1.03615117,99.76999,58.10373,4.59615326,3.31410217,37,46.40236
12/27/2019 03:28:25,3.076923,7.69230747,7.69230747,1.53846145,5.000001,40,37,39,39,40,798.159668,798.159668,798.159668,798.159668,4.46095228,0.693852544,0.005401032,1.04702008,99.76996,58.18865,4.602871,3.30738449,37,46.40278
12/27/2019 03:33:25,9.230768,9.230768,12.3076916,4.615384,8.846151,40,36,38,37,39,1197.24011,1197.24011,1197.24011,1197.24011,4.671214,0.853237152,0.007538496,1.04375,99.77001,58.1592369,4.600544,3.30971146,37,46.4031067
12/27/2019 03:38:25,19.9999981,3.076923,3.076923,19.9999981,11.5384636,40,37,39,37,40,798.159668,798.159668,798.159668,798.159668,4.571157,0.7152959,0.00525198271,1.04605007,99.76996,58.24816,4.60757828,3.30267715,37,46.4034233
12/27/2019 03:43:25,6.153846,3.076923,16.9230766,3.076923,7.30769634,39,37,39,38,39,1496.55078,1496.55078,1496.55078,1496.55078,4.56455469,0.689585567,0.00547720073,1.04139042,99.77006,58.272274,4.60948563,3.30076981,37,46.4037
12/27/2019 03:48:25,9.230768,6.153846,7.69230747,7.69230747,7.69230747,39,37,40,38,40,798.160034,798.160034,798.160034,798.160034,4.72566271,0.762325644,0.005401032,1.04521966,99.7700043,59.2755432,4.68884659,3.22140884,37,46.40402
12/27/2019 03:53:25,16.9230766,6.153846,12.3076916,12.3076916,11.9230747,39,37,38,37,38,798.1601,798.1601,798.1601,798.1601,4.768114,0.745741963,0.005838335,1.03350568,99.77001,58.4884148,4.626583,3.28367233,37,46.40424
12/27/2019 03:58:25,7.69230747,1.53846145,10.76923,6.153846,6.53846264,39,36,39,39,40,997.7001,997.7001,997.7001,997.7001,4.126754,0.574373066,0.00265355059,1.02698445,99.7700043,58.42751,4.621765,3.2884903,37,46.4038353
12/27/2019 04:03:26,10.76923,4.615384,7.69230747,13.8461533,9.230768,39,38,38,37,40,997.7001,997.7001,997.7001,997.7001,4.40804958,0.725886,0.00354765356,1.04054487,99.77001,64.35452,5.09060669,2.81964874,37,46.4041634
12/27/2019 04:08:26,9.230768,7.69230747,6.153846,9.230768,8.076918,39,37,38,37,40,798.16,798.16,798.16,798.16,4.627485,0.7841099,0.00552105531,1.03645813,99.77,59.53957,4.709732,3.20052338,37,46.4045334
12/27/2019 04:13:26,9.230768,9.230768,6.153846,3.076923,6.92307949,39,36,38,37,39,798.1601,798.1601,798.1601,798.1601,4.47673559,0.6762693,0.00510097528,1.0348978,99.77001,58.82411,4.653137,3.25711823,37,46.40406
12/27/2019 04:18:26,7.69230747,4.615384,7.69230747,3.076923,5.769229,39,37,40,39,39,798.1601,798.1601,798.1601,798.1601,4.618845,0.759404838,0.00553739,1.03055644,99.77001,59.89841,4.738117,3.17213821,37,46.40452
12/27/2019 04:23:26,13.8461533,7.69230747,3.076923,9.230768,8.4615345,38,36,40,39,40,798.160034,798.160034,798.160034,798.160034,4.54447937,0.716835856,0.00500062,1.03410411,99.7700043,58.9628029,4.66410828,3.24614716,37,46.4047852
12/27/2019 04:28:26,9.230768,13.8461533,6.153846,7.69230747,9.230768,39,35,38,37,39,798.1597,798.1597,798.1597,798.1597,4.44666147,0.72378993,0.00654768851,1.04252422,99.7699661,59.03191,4.66957474,3.24068069,37,46.40431
12/27/2019 04:33:26,32.30769,16.9230766,32.30769,47.6923065,32.30769,40,38,40,40,40,997.699341,997.699341,997.699341,997.699341,17.84095,10.5445423,0.00558656,1.34756243,99.7699356,59.18242,4.68148041,3.228775,37,46.4046326
12/27/2019 04:38:27,29.2307682,0,30.76923,19.9999981,19.9999981,41,39,41,41,41,3491.95215,3491.95215,3292.412,3292.412,13.62831,6.85584974,0.008399407,1.05880868,99.77006,59.1531944,4.6791687,3.23108673,37,46.40496
12/27/2019 04:43:27,47.6923065,12.3076916,9.230768,19.9999981,22.3076878,44,45,43,42,45,3491.95,3491.95,3491.95,3491.95,15.1357327,8.217366,0.0157695226,1.33451092,99.77,59.70884,4.72312164,3.18713379,38,46.405323
12/27/2019 04:48:27,10.76923,6.153846,13.8461533,4.615384,8.846151,40,36,38,38,40,1496.55054,1496.55054,1496.55054,1496.55054,4.568398,0.674903,0.00560310436,1.03735757,99.7700348,60.2761078,4.767994,3.14226151,37,46.40571
12/27/2019 04:53:27,12.3076916,4.615384,9.230768,4.615384,7.69230747,40,36,40,37,39,798.1601,798.1601,798.1601,798.1601,4.430213,0.6947017,0.00553739,1.04626572,99.77001,59.4880142,4.705654,3.20460129,37,46.40606
12/27/2019 04:58:27,10.76923,3.076923,9.230768,4.615384,6.923074,39,36,38,37,40,798.159668,798.159668,798.159668,798.159668,4.45957661,0.6207089,0.00510599557,1.044927,99.76996,59.5347481,4.70935059,3.20090485,37,46.40633
12/27/2019 05:03:27,12.3076916,7.69230747,12.3076916,4.615384,9.230768,39,37,40,40,40,798.1601,798.1601,798.1601,798.1601,4.523265,0.7010817,0.00511606643,1.03121841,99.77001,65.14791,5.153366,2.75688934,37,46.4066124
12/27/2019 05:08:27,12.3076916,4.615384,6.153846,4.615384,6.923074,39,36,38,37,39,798.159851,798.159851,798.159851,798.159851,4.46675873,0.679843366,0.005964595,1.030429,99.76998,60.4561729,4.782238,3.12801743,37,46.4067154
12/27/2019 05:13:28,9.230768,10.76923,4.615384,7.69230747,8.076924,40,36,38,38,40,798.1599,798.1599,798.1599,798.1599,4.19948244,0.6357015,0.005521055,1.04107893,99.76999,59.744957,4.725979,3.18427658,37,46.4065628
12/27/2019 05:18:28,12.3076916,7.69230747,6.153846,10.76923,9.230768,38,37,38,39,39,1496.55,1496.55,1496.55,1496.55,4.76420546,0.808353245,0.005121117,1.03994823,99.7700043,60.77412,4.80738831,3.10286713,37,46.4068031
12/27/2019 05:23:28,4.615384,13.8461533,6.153846,3.076923,6.92307949,39,37,39,39,39,1297.01038,1297.01038,1297.01038,1297.01038,4.520444,0.6765348,0.005910181,1.030241,99.77003,59.86576,4.73553467,3.17472076,37,46.4064751
12/27/2019 05:28:28,16.9230766,7.69230747,4.615384,4.615384,8.4615345,40,36,37,37,40,798.1602,798.1602,798.1602,798.1602,4.44258642,0.6704437,0.00536740944,1.03391981,99.77003,59.68921,4.721569,3.18868637,37,46.4067154
12/27/2019 05:33:28,12.3076916,3.076923,13.8461533,15.3846149,11.153841,40,37,40,41,41,798.1598,798.1598,798.1598,798.1598,7.476228,2.71389842,0.00600114651,1.02223527,99.76997,59.884716,4.737034,3.17322159,37,46.40764
12/27/2019 05:38:28,10.76923,6.153846,7.69230747,7.69230747,8.076924,39,35,38,38,39,798.1599,798.1599,798.1599,798.1599,4.39668751,0.697049,0.005657768,1.03561223,99.76999,59.80876,4.7310257,3.17922974,37,46.4070168
12/27/2019 05:43:28,13.8461533,3.076923,10.76923,7.69230747,8.846151,41,37,39,37,40,997.7004,997.7004,997.7004,997.7004,4.478432,0.728637159,0.00567455636,1.0307771,99.7700348,59.9048233,4.73862457,3.17163086,37,46.40734
12/27/2019 05:48:29,30.76923,26.1538448,44.6153831,55.384613,39.23077,42,41,44,44,44,3491.95044,3491.95044,3491.95044,3491.95044,22.3673229,14.09994,0.0101117557,1.236764,99.77001,60.97792,4.823509,3.08674622,37,46.40766
12/27/2019 05:53:29,9.230768,3.076923,10.76923,13.8461533,9.230768,39,37,39,38,39,798.16,798.16,798.16,798.16,4.44241858,0.7176794,0.005542856,1.03597188,99.77,60.085762,4.75293732,3.157318,37,46.40807
12/27/2019 05:58:29,32.30769,23.0769215,47.6923065,50.7692337,38.4615364,40,39,40,41,41,798.1595,798.1595,798.1595,798.1595,19.0713768,11.8291721,0.008033638,1.49791384,99.7699356,60.2884026,4.76896667,3.14128876,37,46.40833
12/27/2019 06:03:29,7.69230747,4.615384,12.3076916,7.69230747,8.076924,39,35,38,38,39,798.160339,798.160339,798.160339,798.160339,4.287867,0.7122576,0.00525718275,1.04086173,99.77004,60.1989479,4.76189041,3.148365,37,46.40872
12/27/2019 06:08:29,21.875,25,15.625,12.5,18.75,41,38,40,40,41,997.699951,997.699951,997.699951,997.699951,11.3131742,5.31445026,0.00646289438,1.34403813,99.77,60.38461,4.776577,3.13367844,37,46.40908
12/27/2019 06:13:29,10.76923,6.153846,12.3076916,10.76923,9.999996,39,36,37,37,39,798.1603,798.1603,798.1603,798.1603,4.18042564,0.599496245,0.00413361844,1.027812,99.7700348,60.391552,4.77712631,3.13312912,37,46.4081879
12/27/2019 06:18:29,12.3076916,4.615384,9.230768,0,6.53846264,39,37,39,38,40,997.699768,997.699768,997.699768,997.699768,4.44615364,0.6696011,0.00530186249,1.03645384,99.76997,61.3724937,4.854721,3.05553436,37,46.40837
12/27/2019 06:23:30,12.3076916,3.076923,12.3076916,7.69230747,8.846158,39,37,39,37,40,798.159546,798.159546,798.159546,798.159546,4.483443,0.8119445,0.005553821,1.02220488,99.76994,60.5261955,4.787777,3.12247849,37,46.4089279
12/27/2019 06:28:30,12.3076916,6.153846,9.230768,10.76923,9.615385,39,36,38,40,40,798.1605,798.1605,798.1605,798.1605,4.6032815,0.7385856,0.00518136565,1.0333209,99.7700653,60.60601,4.79409027,3.11616516,37,46.4092255
12/27/2019 06:33:30,9.230768,3.076923,10.76923,7.69230747,7.69230747,39,36,37,38,39,798.1599,798.1599,798.1599,798.1599,4.419089,0.6903906,0.006007053,1.0318315,99.76999,60.6941643,4.80106354,3.109192,37,46.4094925
12/27/2019 06:38:30,15.3846149,6.153846,9.230768,4.615384,8.846151,40,37,37,39,40,798.1599,798.1599,798.1599,798.1599,4.646171,0.711855531,0.006319847,1.02929246,99.76999,60.6765137,4.79966736,3.110588,37,46.4099121
12/27/2019 06:43:30,10.76923,3.076923,9.230768,7.69230747,7.69230747,39,35,38,36,40,1197.24048,1197.24048,1197.24048,1197.24048,4.56240368,0.722298563,0.004769042,1.03983223,99.77004,60.649704,4.79754639,3.112709,37,46.4101448
12/27/2019 06:48:30,6.153846,6.153846,6.153846,13.8461533,8.076924,40,37,38,39,40,1197.24023,1197.24023,1197.24023,1197.24023,5.45986128,1.17570388,0.00681480067,1.09676075,99.77002,61.14661,4.836853,3.0734024,37,46.4098129
12/27/2019 06:53:31,16.9230766,6.153846,10.76923,7.69230747,10.384613,40,36,39,36,40,798.1601,798.1601,798.1601,798.1601,4.4290514,0.6575241,0.004769042,1.04079819,99.77001,60.95366,4.82159042,3.088665,37,46.4099846
12/27/2019 06:58:31,12.3076916,4.615384,12.3076916,9.230768,9.615385,39,36,39,37,40,798.160034,798.160034,798.160034,798.160034,4.628757,0.760001,0.007357572,1.04417217,99.7700043,61.03333,4.8278923,3.08236313,37,46.41036
12/27/2019 07:03:31,15.3846149,6.153846,12.3076916,10.76923,11.153841,38,36,38,37,38,798.1596,1496.54932,1496.54932,1496.54932,4.530604,0.734615743,0.00519675529,1.03898847,99.76995,61.0617828,4.830143,3.08011246,37,46.410675
12/27/2019 07:08:31,12.3076916,6.153846,10.76923,6.153846,8.846151,38,37,37,37,40,798.1597,798.1597,1496.54944,1496.54944,4.60807228,0.7765858,0.00560864154,1.04037285,99.7699661,61.1942558,4.840622,3.06963348,37,46.41104
12/27/2019 07:13:31,39.9999962,32.30769,33.8461533,44.6153831,37.6923027,40,38,40,41,41,798.159241,798.159241,798.159241,798.159241,20.2328644,12.6184607,0.008504903,1.56220686,99.7699051,61.35894,4.853649,3.05660629,37,46.41139
12/27/2019 07:18:31,10.76923,7.69230747,4.615384,10.76923,8.4615345,38,36,37,37,38,798.1599,798.1599,798.1599,798.1599,4.739865,0.7678663,0.00735030929,1.05109417,99.76999,61.43615,4.85975647,3.050499,37,46.41102
12/27/2019 07:23:31,38.4615364,7.69230747,6.153846,38.4615364,22.69231,42,39,42,40,42,3491.94971,3292.40967,3292.40967,3292.40967,17.75399,10.1183567,0.00885633,1.34828,99.77,61.29162,4.848324,3.06193161,37,46.4113579
12/27/2019 07:28:32,6.153846,6.153846,7.69230747,10.76923,7.69230747,39,35,39,37,38,798.1598,798.1598,798.1598,798.1598,4.23217,0.655955136,0.00541167473,1.03874087,99.76997,61.3272133,4.851139,3.05911636,37,46.4111938
12/27/2019 07:33:32,6.153846,12.3076916,15.3846149,7.69230747,10.384613,38,36,39,39,40,798.1599,798.1599,798.1599,798.1599,4.34360075,0.6556992,0.006199469,1.03031564,99.76999,61.4602623,4.861664,3.04859161,37,46.41146
12/27/2019 07:38:32,12.3076916,9.230768,9.230768,3.076923,8.4615345,39,36,37,37,39,798.1604,798.1604,798.1604,798.1604,4.533103,0.7132776,0.006007054,1.02600479,99.77005,61.5426826,4.868183,3.0420723,37,46.40989
12/27/2019 07:43:32,12.3076916,4.615384,1.53846145,15.3846149,8.4615345,38,36,39,38,38,798.1602,798.1602,798.1602,798.1602,4.567403,0.742892265,0.005166066,1.0392803,99.77003,61.51664,4.866123,3.04413223,37,46.41035
12/27/2019 07:48:32,12.3076916,6.153846,9.230768,12.3076916,10.0000019,39,35,38,37,39,798.159668,798.159668,798.159668,798.159668,4.638166,0.7817465,0.00523128547,1.04950416,99.76996,61.82513,4.890526,3.01972961,37,46.4105873
12/27/2019 07:53:32,10.76923,6.153846,7.69230747,10.76923,8.846151,38,36,37,38,39,798.1601,798.1601,798.1601,798.1601,4.43954039,0.7192673,0.006465731,1.02817214,99.77001,61.7785454,4.886841,3.02341461,37,46.4102135
12/27/2019 07:58:32,12.3076916,6.153846,6.153846,3.076923,6.92307949,39,35,38,37,40,1496.5509,1496.5509,1496.5509,1496.5509,4.554744,0.739121139,0.0043937983,1.03121841,99.7700653,61.71248,4.88161469,3.02864075,37,46.4104156
12/27/2019 08:03:33,7.69230747,3.076923,15.3846149,7.69230747,8.461541,38,36,38,36,39,798.1597,798.1597,798.1597,798.1597,4.754379,0.8126499,0.00645295251,1.04580045,99.7699661,61.8026581,4.888748,3.02150726,37,46.41084
12/27/2019 08:08:33,13.8461533,6.153846,4.615384,7.69230747,8.076924,39,36,39,39,39,997.7,997.7,997.7,997.7,4.46352959,0.656604,0.00598231144,1.049805,99.7700043,61.8939972,4.895973,3.01428223,37,46.41104
12/27/2019 08:13:33,15.3846149,7.69230747,3.076923,3.076923,7.30769634,39,35,40,38,40,798.1599,798.1599,798.1599,798.1599,4.62226,0.771903,0.005542856,1.03735757,99.76999,61.95847,4.90107346,3.009182,37,46.41146
12/27/2019 08:18:33,7.69230747,4.615384,10.76923,9.230768,8.076918,39,36,38,37,38,798.1601,798.1601,798.1601,798.1601,4.68633842,0.7603302,0.00549345324,1.04399765,99.77001,62.2609863,4.925003,2.98525238,37,46.4112053
12/27/2019 08:23:33,9.230768,7.69230747,12.3076916,3.076923,8.076918,39,35,38,39,39,1496.55042,1496.55042,1496.55042,1496.55042,4.2878685,0.6662522,0.005096083,1.04554641,99.77003,62.25925,4.92486572,2.98538971,37,46.4115334
12/27/2019 08:28:33,13.8461533,13.8461533,33.8461533,66.15385,31.9230728,40,38,44,43,45,3492.05029,3492.05029,3492.05029,3492.05029,20.3699188,12.3118172,0.0101519208,1.06312835,99.7728653,62.45331,4.940216,2.97003937,37,46.4110527
12/27/2019 08:33:33,16.9230766,4.615384,13.8461533,9.230768,11.153841,38,36,39,37,39,798.1601,798.1601,798.1601,798.1601,4.411898,0.662088335,0.005592064,1.03531349,99.77001,62.4158859,4.937256,2.97299957,37,46.41139
12/27/2019 08:38:34,6.153846,16.9230766,49.2307663,23.0769215,23.84615,39,38,42,41,41,1297.00952,1297.00952,1297.00952,1297.00952,14.7367535,7.73567152,0.008289009,1.35773969,99.7699661,62.5099678,4.94469833,2.965557,37,46.41184
12/27/2019 08:43:34,13.8461533,6.153846,1.53846145,3.076923,6.153846,38,36,38,37,39,798.159851,798.159851,798.159851,798.159851,4.474755,0.7321399,0.00588112371,1.03975868,99.76998,62.4805069,4.94236755,2.96788788,37,46.41216
12/27/2019 08:48:34,12.3076916,9.230768,9.230768,4.615384,8.846151,39,37,39,39,40,798.160645,798.160645,798.160645,798.160645,4.552457,0.7055357,0.00517625548,1.03627431,99.77008,62.7903023,4.966873,2.94338226,37,46.4123573
12/27/2019 08:53:34,10.76923,9.230768,9.230768,7.69230747,9.230775,38,36,37,37,38,798.1602,798.1602,798.1602,798.1602,4.69198227,0.771704853,0.00649401,1.03008223,99.77003,62.6632767,4.95682526,2.95343018,37,46.4124336
12/27/2019 08:58:34,13.8461533,3.076923,3.076923,9.230768,7.30768442,38,36,38,38,39,798.1601,798.1601,798.1601,798.1601,4.53576231,0.6751477,0.005186485,1.03591,99.77001,62.69043,4.958973,2.9512825,37,46.41275
12/27/2019 09:03:34,6.153846,10.76923,1.53846145,12.3076916,7.69230747,38,36,37,37,38,798.118,798.118,798.118,798.118,4.57899857,0.8219131,0.00499076676,1.03874087,99.76475,62.6847343,4.958523,2.95173264,37,46.4121056
12/27/2019 09:08:34,13.8461533,9.230768,3.076923,4.615384,7.69230747,37,36,38,37,39,798.159851,798.159851,798.159851,798.159851,4.28312159,0.6906278,0.00530186249,1.03434515,99.76998,62.9273567,4.97771454,2.932541,37,46.412674
12/27/2019 09:13:35,9.230768,10.76923,7.69230747,10.76923,9.615385,38,35,38,37,39,798.160034,798.160034,798.160034,798.160034,4.651227,0.7283473,0.005958713,1.04301548,99.7700043,62.87691,4.97372437,2.936531,37,46.4128952
12/27/2019 09:18:35,10.76923,1.53846145,7.69230747,3.076923,5.769229,39,36,39,37,39,798.160156,798.160156,798.160156,798.160156,4.61015,0.7811812,0.005241614,1.0397675,99.77002,63.1506844,4.9953804,2.914875,37,46.41338
12/27/2019 09:23:35,10.76923,4.615384,4.615384,7.69230747,6.92307949,39,34,38,37,38,798.1597,798.1597,798.1597,798.1597,4.26698542,0.5654599,0.005652194,1.048482,99.7699661,63.0949364,4.99097061,2.91928482,37,46.4135437
12/27/2019 09:28:35,12.3076916,1.53846145,6.153846,4.615384,6.153846,40,36,38,38,39,798.159546,798.159546,798.159546,798.159546,4.88139248,0.863384962,0.005461043,1.03177714,99.76994,63.0457,4.987076,2.92317963,37,46.413887
12/27/2019 09:33:35,10.76923,10.76923,12.3076916,12.3076916,11.5384579,39,36,37,37,38,798.1596,798.1596,798.1596,798.1596,4.534039,0.648175538,0.005898524,1.05360878,99.76995,62.6882057,4.95879745,2.951458,37,46.42091
12/27/2019 09:38:35,4.615384,6.153846,3.076923,10.76923,6.153846,38,35,38,38,38,798.160034,798.160034,798.160034,798.160034,4.508306,0.7258538,0.00555931963,1.04539382,99.7700043,62.66077,4.956627,2.95362854,37,46.4219627
12/27/2019 09:43:35,39.9999962,30.76923,38.4615364,61.53846,42.6923027,44,43,44,45,45,3491.95,3491.95,3491.95,3491.95,22.9796238,14.8464336,0.0209646188,1.25895834,99.77,67.18999,5.31489944,2.595356,37,46.4231644
12/27/2019 09:48:36,12.3076916,7.69230747,3.076923,7.69230747,7.69230747,39,36,38,39,39,798.1597,798.1597,798.1597,798.1597,4.41162348,0.664387,0.005220998,1.03861856,99.7699661,63.91543,5.055874,2.85438156,37,46.4233856
12/27/2019 09:53:36,21.53846,19.9999981,26.1538448,39.9999962,26.9230728,42,39,42,45,45,3491.94922,3491.94922,3491.94922,3292.40918,14.2049541,7.621909,0.00885652,1.16755438,99.76997,64.037056,5.06549454,2.844761,37,46.42391
12/27/2019 09:58:36,6.153846,12.3076916,9.230768,12.3076916,10.0000019,39,36,37,38,39,798.160767,798.160767,798.160767,798.160767,4.643342,0.7725862,0.00601890171,1.04536283,99.7700958,63.1699257,4.99690247,2.913353,37,46.4233742
12/27/2019 10:03:36,15.3846149,6.153846,10.76923,4.615384,9.230768,39,37,38,41,40,798.160034,798.160034,798.160034,798.160034,4.76546574,0.8451742,0.00692173745,1.03735781,99.7700043,63.2579842,5.003868,2.90638733,37,46.42363
12/27/2019 10:08:36,16.9230766,7.69230747,6.153846,1.53846145,8.076924,39,37,39,36,40,1995.40076,1995.40076,1995.40076,1995.40076,4.31737137,0.68348217,0.00507088,1.04212618,99.7700348,63.3230858,5.009018,2.90123749,37,46.4233322
12/27/2019 10:13:36,7.69230747,3.076923,7.69230747,18.4615364,9.230768,39,36,38,38,39,798.160034,798.160034,798.160034,798.160034,4.300987,0.679112732,0.004995689,1.03398716,99.7700043,63.5127563,5.024021,2.88623428,37,46.4242554
12/27/2019 10:18:37,12.3076916,10.76923,1.53846145,1.53846145,6.53846264,38,36,38,37,39,798.16,798.16,798.16,798.16,4.443309,0.7155167,0.00630120374,1.0453397,99.77,63.6154251,5.03214264,2.87811279,37,46.42447
12/27/2019 10:23:37,12.3076916,7.69230747,4.615384,10.76923,8.846151,40,36,38,37,40,798.1601,798.1601,798.1601,798.1601,4.445862,0.7249767,0.005597579,1.05053914,99.77001,63.6433,5.03434753,2.875908,37,46.42461
12/27/2019 10:28:37,13.8461533,6.153846,9.230768,10.76923,10.0000019,37,36,37,37,38,798.1603,798.1603,798.1603,798.1603,4.23526049,0.683927834,0.0048753107,1.04807138,99.7700348,63.6868,5.03778839,2.872467,37,46.4248238
12/27/2019 10:33:37,7.69230747,4.615384,10.76923,18.4615364,10.384613,40,36,37,37,40,798.159668,798.159668,798.159668,798.159668,4.275952,0.7262346,0.00518136565,1.04211724,99.76996,63.77191,5.04452133,2.865734,37,46.42541
12/27/2019 10:38:37,9.230768,6.153846,7.69230747,9.230768,8.076918,38,36,38,37,39,798.1599,798.1599,798.1599,798.1599,4.41735649,0.686105251,0.00546552241,1.02557492,99.76999,63.761982,5.0437355,2.86652,37,46.42555
12/27/2019 10:43:37,15.3846149,3.076923,4.615384,6.153846,7.30769062,39,37,38,36,38,798.1602,798.1602,798.1602,798.1602,4.07084227,0.611218631,0.00402869144,1.03892136,99.77003,63.81985,5.048313,2.86194229,37,46.42506
12/27/2019 10:48:37,12.3076916,9.230768,6.153846,9.230768,9.230768,38,37,37,37,38,1197.23975,1197.23975,1197.23975,1197.23975,4.24206066,0.6724896,0.006007053,1.03363359,99.76998,63.9988136,5.06246948,2.847786,37,46.42538
12/27/2019 10:53:38,7.69230747,13.8461533,9.230768,4.615384,8.846151,39,36,38,37,39,798.1601,798.1601,798.1601,798.1601,4.11557865,0.7225788,0.004088821,1.032247,99.77001,64.05335,5.066784,2.84347153,37,46.4256859
12/27/2019 10:58:38,4.615384,3.076923,9.230768,6.153846,5.76923466,39,35,39,38,40,1696.09021,1696.09021,1696.09021,1696.09021,4.050283,0.605130136,0.00494525349,1.026321,99.77001,64.105484,5.07090759,2.83934784,37,46.4255867
12/27/2019 11:03:38,3.076923,7.69230747,3.076923,9.230768,5.769229,39,36,37,37,38,798.159851,798.159851,798.159851,798.159851,4.216733,0.71085,0.005729257,1.02704465,99.76998,64.18236,5.076988,2.83326721,37,46.4259949
12/27/2019 11:08:38,32.30769,13.8461533,24.6153831,35.384613,26.538456,41,41,47,42,47,3491.95044,3491.95044,3292.4104,3292.4104,17.3604946,9.989353,0.008985888,1.07685924,99.77001,64.445755,5.097824,2.81243134,37,46.4264526
12/27/2019 11:13:38,7.69230747,6.153846,10.76923,7.69230747,8.076924,40,36,38,36,39,798.160034,798.160034,798.160034,798.160034,4.41164875,0.7557192,0.005488025,1.03367853,99.7700043,64.3841248,5.092949,2.81730652,37,46.4266052
12/27/2019 11:18:38,21.53846,10.76923,7.69230747,50.7692337,22.69231,43,39,40,41,43,3292.41,3292.41,3292.41,3292.41,14.6729784,7.82177639,0.00831694,1.37645352,99.77,64.36218,5.091213,2.81904221,37,46.4260178
12/27/2019 11:23:38,12.3076916,7.69230747,12.3076916,0,8.076924,39,36,39,36,39,1297.01086,1297.01086,1995.40125,1995.40125,4.382134,0.6893557,0.004532054,1.03409386,99.7700653,64.3216248,5.088005,2.82225037,37,46.42643
12/27/2019 11:28:39,9.230768,4.615384,18.4615364,4.615384,9.230768,38,37,38,38,40,798.160156,798.160156,798.160156,798.160156,4.220885,0.667914152,0.004036645,1.03783953,99.77002,64.42864,5.09647,2.81378555,37,46.4267235
12/27/2019 11:33:39,9.230768,6.153846,7.69230747,6.153846,7.30769062,40,36,38,38,39,997.700134,997.700134,997.700134,997.700134,4.288889,0.653111041,0.005055878,1.04108942,99.77001,64.44455,5.09772873,2.8125267,37,46.4272
12/27/2019 11:38:39,13.8461533,7.69230747,13.8461533,6.153846,10.384613,39,37,39,38,40,798.1599,798.1599,798.1599,798.1599,4.27873,0.6612769,0.006030797,1.040433,99.76999,64.61006,5.110821,2.79943466,37,46.4275
12/27/2019 11:43:39,7.69230747,6.153846,10.76923,6.153846,7.69230747,38,37,38,38,39,798.159546,798.159546,798.159546,798.159546,4.56040859,0.7370563,0.00497605931,1.04065585,99.76994,64.58305,5.10868454,2.801571,37,46.4277344
12/27/2019 11:48:39,13.8461533,12.3076916,10.76923,10.76923,11.9230747,39,37,39,39,39,798.160034,798.160034,798.160034,798.160034,4.68311548,0.863745153,0.006961331,1.04203916,99.7700043,64.75198,5.12204742,2.788208,37,46.4275131
12/27/2019 11:53:39,9.230768,12.3076916,6.153846,7.69230747,8.846158,38,36,37,37,39,798.160034,798.160034,798.160034,798.160034,4.45621252,0.7495001,0.006367477,1.04078209,99.7700043,64.72484,5.11989975,2.79035568,37,46.4269
12/27/2019 11:58:39,12.3076916,9.230768,12.3076916,4.615384,9.615379,39,37,38,38,39,798.160034,798.160034,798.160034,798.160034,4.37192774,0.635139,0.006386334,1.02952528,99.7700043,64.80214,5.12601471,2.78424072,37,46.4273872
12/27/2019 12:03:40,9.230768,7.69230747,6.153846,7.69230747,7.69230747,38,35,38,36,39,997.6998,997.6998,997.6998,997.6998,4.13099432,0.6033278,0.004036645,1.0325979,99.76998,64.8487244,5.12969971,2.78055573,37,46.42758
12/27/2019 12:08:40,13.8461533,3.076923,4.615384,4.615384,6.538457,37,35,37,38,38,798.160034,798.160034,798.160034,798.160034,4.44447756,0.7377368,0.006440225,1.02989435,99.7700043,64.95675,5.13824463,2.7720108,37,46.42793
12/27/2019 12:13:40,10.76923,6.153846,12.3076916,4.615384,8.4615345,38,35,37,37,39,798.1597,798.1597,798.1597,798.1597,4.367496,0.6425178,0.00553739,1.04133022,99.7699661,64.96538,5.13892746,2.771328,37,46.4282265
12/27/2019 12:18:40,12.3076916,7.69230747,9.230768,10.76923,10.0000019,39,36,38,38,39,997.70105,997.70105,997.70105,997.70105,4.6198926,0.7405216,0.005246794,1.03808117,99.7701,65.1691742,5.15504837,2.755207,37,46.4284554
12/27/2019 12:23:40,10.76923,1.53846145,7.69230747,13.8461533,8.461541,38,35,37,37,38,798.1597,798.1597,798.1597,798.1597,5.45405,1.13206816,0.0125316745,1.079893,99.7699661,65.13373,5.15224457,2.75801086,37,46.4286423
12/27/2019 12:28:40,13.8461533,30.76923,53.8461571,35.384613,33.4615364,44,42,43,46,46,3292.41016,3491.9502,3292.41016,3292.41016,23.15721,14.8258743,0.009639749,1.305945,99.7700043,66.55347,5.26454926,2.64570618,37,46.44524
12/27/2019 12:33:40,16.9230766,7.69230747,4.615384,9.230768,9.615385,39,37,38,37,39,997.7002,997.7002,997.7002,997.7002,4.364486,0.6410131,0.00541701168,1.03049624,99.77002,62.8967819,4.975296,2.93495941,37,46.4731941
12/27/2019 12:38:41,10.76923,7.69230747,10.76923,4.615384,8.4615345,38,37,37,38,39,798.1598,798.1598,798.1598,798.1598,4.476378,0.714564,0.007102304,1.04518235,99.76997,61.0733566,4.8310585,3.079197,37,46.50995
12/27/2019 12:43:41,16.9230766,12.3076916,41.53846,38.4615364,27.30769,39,41,41,43,43,3491.95,3491.95,3491.95,3491.95,16.0180054,9.063474,0.009417349,1.14469075,99.77,60.62236,4.79538345,3.114872,37,46.5095139
12/27/2019 12:48:41,10.76923,4.615384,6.153846,16.9230766,9.615379,38,36,37,37,39,798.1597,798.1597,798.1597,798.1597,4.55695057,0.6872539,0.00536211068,1.03350163,99.7699661,60.80277,4.809654,3.1006012,37,46.51003
12/27/2019 12:53:41,18.4615364,15.3846149,39.9999962,23.0769215,24.2307663,41,37,41,41,41,798.1596,798.1596,798.1596,798.1596,13.3330164,6.805331,0.009130722,1.33963311,99.76995,60.8639641,4.814495,3.09576035,37,46.51038
12/27/2019 12:58:41,7.69230747,10.76923,6.153846,3.076923,6.92307949,39,36,38,37,40,798.1599,798.1599,798.1599,1297.00989,4.46445465,0.7506064,0.00552134728,1.03848827,99.76999,60.9292641,4.81966,3.09059525,37,46.50975
12/27/2019 13:03:41,12.3076916,9.230768,12.3076916,10.76923,11.153841,39,36,39,39,40,798.159668,798.159668,798.159668,798.159668,4.706536,0.8314502,0.00351872388,1.0342015,99.76996,61.12896,4.835457,3.07479858,37,46.5097923
12/27/2019 13:08:41,7.69230747,3.076923,4.615384,9.230768,6.153846,38,35,37,37,39,798.1597,798.1597,798.1597,798.1597,4.58851,0.6912709,0.006560603,1.0319407,99.7699661,61.1657066,4.83836365,3.07189178,37,46.50994
12/27/2019 13:13:42,6.153846,7.69230747,4.615384,13.8461533,8.076924,39,37,38,39,40,798.1599,798.1599,798.1599,798.1599,4.59986973,0.722610056,0.005608641,1.03325641,99.76999,61.3545036,4.853298,3.05695724,37,46.50963
12/27/2019 13:18:42,3.076923,3.076923,3.076923,13.8461533,5.769229,40,36,39,39,40,1496.55078,1496.55078,1496.55078,1496.55078,4.356196,0.6780691,0.0065391073,1.03445041,99.77005,61.4696655,4.86240768,3.04784775,37,46.510067
12/27/2019 13:23:42,7.69230747,4.615384,6.153846,12.3076916,7.69230747,40,37,39,39,39,1496.55,1496.55,1496.55,1496.55,4.191042,0.620689631,0.00476432964,1.03018069,99.7700043,61.48471,4.863598,3.04665756,37,46.51037
12/27/2019 13:28:42,9.230768,10.76923,7.69230747,6.153846,8.461541,39,36,38,38,39,997.700867,997.700867,997.700867,997.700867,4.4343853,0.671649933,0.00530710164,1.03488481,99.77009,61.5375175,4.867775,3.04248047,37,46.5107231
12/27/2019 13:33:42,12.3076916,12.3076916,6.153846,4.615384,8.846151,39,36,38,37,39,798.1599,798.1599,798.1599,798.1599,4.405716,0.7272639,0.005055878,1.03410757,99.76999,61.61125,4.87360764,3.0366478,37,46.51018
12/27/2019 13:38:42,12.3076916,9.230768,13.8461533,4.615384,9.999996,39,35,38,37,38,798.1598,798.1598,798.1598,798.1598,4.466425,0.670687556,0.0054063485,1.03285289,99.76997,61.7088127,4.881325,3.02893066,37,46.5105324
12/27/2019 13:43:42,13.8461533,4.615384,6.153846,10.76923,8.846151,39,36,39,37,39,798.1602,798.1602,798.1602,798.1602,4.44068575,0.72431463,0.006319847,1.03416777,99.77003,61.64299,4.87611771,3.03413773,37,46.5108871
12/27/2019 13:48:43,16.9230766,3.076923,1.53846145,3.076923,6.153846,38,36,37,38,39,997.7,997.7,997.7,997.7,4.38500166,0.6535148,0.00536211068,1.03079045,99.7700043,61.8302422,4.89093,3.01932526,37,46.5110855
12/27/2019 13:53:43,13.8461533,4.615384,7.69230747,10.76923,9.230768,38,36,39,37,39,997.699951,997.699951,997.699951,997.699951,4.3985095,0.665788949,0.00513632828,1.03584635,99.77,61.73558,4.883442,3.02681351,37,46.5115433
12/27/2019 13:58:43,7.69230747,10.76923,1.53846145,9.230768,7.30769634,39,35,38,37,39,798.159668,798.159668,798.159668,798.159668,4.923141,1.094305,0.0118338959,1.07586336,99.76996,61.8975639,4.89625549,3.014,37,46.511734
12/27/2019 14:03:43,10.76923,4.615384,10.76923,7.69230747,8.461541,38,36,37,37,39,798.16,798.16,798.16,798.16,4.369591,0.684203446,0.00342402072,1.04456663,99.77,61.97583,4.90244675,3.00780869,37,46.512188
12/27/2019 14:08:43,38.4615364,21.53846,61.53846,38.4615364,39.9999962,45,41,46,45,46,3491.94971,3491.94971,3491.94971,3491.94971,22.9762821,14.76412,0.008615526,1.37800217,99.76999,62.2925262,4.927498,2.98275757,37,46.5115433
12/27/2019 14:13:43,6.153846,9.230768,7.69230747,10.76923,8.4615345,39,37,38,37,38,1496.55078,1496.55078,1496.55078,1496.55078,4.491858,0.738772631,0.00488494569,1.03669393,99.77005,62.18286,4.91882324,2.99143219,37,46.51212
12/27/2019 14:18:44,27.6923065,19.9999981,16.9230766,36.9230728,25.3846111,45,41,41,41,45,3491.95386,3292.41357,3491.95386,3491.95386,17.76269,10.3201466,0.0230000634,1.20994818,99.77011,62.4281349,4.938225,2.97203064,37,46.512413
12/27/2019 14:23:44,9.230768,7.69230747,6.153846,7.69230747,7.69230747,38,36,38,36,38,798.159851,798.159851,798.159851,798.159851,4.511107,0.7214858,0.005778146,1.03344548,99.76998,62.1893234,4.91933441,2.990921,37,46.5125542
12/27/2019 14:28:44,6.153846,7.69230747,3.076923,9.230768,6.53846264,39,37,38,40,41,798.160034,798.160034,798.160034,798.160034,4.369482,0.705776453,0.005597579,1.03573263,99.7700043,62.3866119,4.93494034,2.975315,37,46.5128975
12/27/2019 14:33:44,13.8461533,6.153846,3.076923,6.153846,7.30769062,40,37,39,37,39,997.7005,997.7005,997.7005,997.7005,4.353231,0.734245837,0.005597579,1.03001463,99.77005,62.3747978,4.93400574,2.97624969,37,46.5132065
12/27/2019 14:38:44,7.69230747,7.69230747,9.230768,3.076923,6.92307949,38,36,40,36,40,798.160339,798.160339,798.160339,798.160339,4.29842472,0.6627328,0.00433788728,1.039647,99.77004,62.4746666,4.941906,2.96834946,37,46.51379
12/27/2019 14:43:44,7.69230747,4.615384,7.69230747,6.153846,6.53846264,41,36,38,37,39,2394.48169,2394.48169,2394.48169,2394.48169,4.66358,0.782424748,0.005855659,1.03282964,99.7700653,62.5386658,4.946968,2.96328735,37,46.51314
12/27/2019 14:48:44,10.76923,1.53846145,16.9230766,76.92308,26.5384617,47,45,54,50,54,3491.95166,3491.95166,3292.41162,3491.95166,20.6664181,12.69061,0.005844098,0.987351358,99.77005,61.7091026,4.88134766,3.02890778,37,46.5300941
12/27/2019 14:53:45,6.153846,3.076923,7.69230747,3.076923,4.999995,40,37,38,39,40,798.16,798.16,798.16,798.16,4.07163239,0.5621022,0.00251553464,1.02502048,99.77,61.62741,4.87488556,3.03536987,37,46.5300941
12/27/2019 14:58:45,15.3846149,4.615384,13.8461533,7.69230747,10.3846188,39,37,40,40,40,798.1601,798.1601,798.1601,798.1601,4.29436636,0.6491988,0.00553739,1.04193211,99.77001,61.94381,4.899914,3.01034164,37,46.53052
12/27/2019 15:03:45,9.230768,7.69230747,4.615384,12.3076916,8.4615345,41,38,39,40,41,798.159851,798.159851,798.159851,798.159851,4.48363256,0.679526,0.006914918,1.04673815,99.76998,61.97617,4.90247345,3.007782,37,46.5310631
12/27/2019 15:08:45,7.69230747,9.230768,4.615384,6.153846,6.923074,41,39,40,41,42,2394.481,2394.481,2394.481,2394.481,4.31711435,0.79353255,0.00652615866,1.04025757,99.77004,62.05304,4.908554,3.00170135,37,46.53026
12/27/2019 15:13:45,42.1875,10.9375,17.1875,18.75,22.265625,43,39,41,42,43,3292.411,3591.721,3292.411,3292.411,12.9352169,6.538178,0.00834201649,1.35956466,99.77003,62.11342,4.91333,2.99692535,37,46.52997
12/27/2019 15:18:45,46.1538429,24.6153831,26.1538448,46.1538429,35.7692261,44,41,44,44,45,3292.41016,3292.41016,3292.41016,3292.41016,22.55633,14.2186966,0.009241765,1.28040457,99.7700043,62.26788,4.92554855,2.98470688,37,46.5304337
12/27/2019 15:23:45,7.69230747,4.615384,1.53846145,4.615384,4.615384,44,40,42,43,44,798.159851,798.159851,798.159851,798.159851,4.09555531,0.5382211,0.00246531866,1.02653456,99.76998,62.1841621,4.91892624,2.99132919,37,46.53027
12/27/2019 15:28:46,6.153846,12.3076916,3.076923,3.076923,6.153846,40,36,39,37,40,798.1599,798.1599,798.1599,798.1599,4.52397251,0.7733481,0.005826842,1.03135109,99.76999,62.24117,4.923435,2.98682022,37,46.52955
12/27/2019 15:33:46,24.6153831,15.3846149,33.8461533,33.8461533,26.9230728,40,40,41,45,45,3491.95,3292.41,3491.95,3591.72,16.1585255,9.245033,0.00740324939,1.33457112,99.77,62.4453,4.939583,2.97067261,37,46.53025
12/27/2019 15:38:46,9.230768,9.230768,3.076923,12.3076916,8.4615345,39,36,38,38,40,1496.55042,798.1602,798.1602,798.1602,4.57056,0.7974523,0.005668949,1.03307545,99.77003,62.4650726,4.941147,2.96910858,37,46.5303879
12/27/2019 15:43:46,10.76923,3.076923,13.8461533,7.69230747,8.846158,40,37,40,39,40,798.1597,798.1597,798.1597,798.1597,5.99646664,1.810104,0.0118086934,1.03073025,99.7699661,62.4945869,4.94348145,2.966774,37,46.5306473
12/27/2019 15:48:46,12.3076916,1.53846145,10.76923,6.153846,7.69230747,39,36,38,37,39,798.159851,798.159851,798.159851,798.159851,4.54836369,0.800875068,0.005778146,1.03320467,99.76998,62.7062454,4.960224,2.95003128,37,46.5301
12/27/2019 15:53:46,16.9230766,7.69230747,4.615384,6.153846,8.846151,39,36,38,37,40,997.7004,997.7004,997.7004,997.7004,4.63064241,0.760729,0.005597579,1.02941275,99.7700348,62.67157,4.95748138,2.952774,37,46.53057
12/27/2019 15:58:46,13.8461533,10.76923,6.153846,3.076923,8.4615345,38,35,38,37,39,798.1599,798.1599,798.1599,798.1599,4.5993824,0.7315382,0.00547180464,1.03212667,99.76999,62.76243,4.96466827,2.94558716,37,46.5308456
12/27/2019 16:03:47,7.69230747,7.69230747,4.615384,6.153846,6.53846264,40,36,39,37,39,2194.94067,2194.94067,2194.94067,2194.94067,4.26074648,0.6851121,0.00579529162,1.03717613,99.7700348,62.8073273,4.96821976,2.94203568,37,46.531147
12/27/2019 16:08:47,12.3076916,3.076923,18.4615364,10.76923,11.153841,39,35,37,36,39,798.16,798.16,798.16,798.16,4.48941231,0.6842415,0.00409689359,1.03934574,99.77,62.8733444,4.973442,2.93681335,37,46.5315
12/27/2019 16:13:47,12.3076916,4.615384,9.230768,6.153846,8.076924,39,37,38,38,38,997.699951,997.699951,997.699951,997.699951,4.50439024,0.6589729,0.0048897774,1.03892672,99.77,62.94732,4.979294,2.93096161,37,46.5317764
12/27/2019 16:18:47,15.3846149,4.615384,7.69230747,12.3076916,10.0000019,39,36,37,37,39,798.159546,798.159546,798.159546,798.159546,4.309691,0.6712278,0.005663353,1.05019045,99.76994,63.0360527,4.986313,2.92394257,37,46.5321274
12/27/2019 16:23:47,7.69230747,4.615384,16.9230766,7.69230747,9.230768,39,35,38,37,40,798.159851,798.159851,798.159851,798.159851,4.561304,0.7761975,0.004514176,1.04716849,99.76998,63.0426636,4.98683548,2.92342,37,46.53159
12/27/2019 16:28:47,13.8461533,6.153846,12.3076916,9.230768,10.3846188,40,36,38,37,40,1696.09058,1696.09058,1696.09058,1696.09058,4.3145895,0.691632032,0.0047549326,1.04247379,99.7700348,63.0791664,4.989723,2.92053223,37,46.53192
12/27/2019 16:33:47,12.3076916,4.615384,10.76923,7.69230747,8.846151,39,37,37,37,39,798.159851,798.159851,798.159851,798.159851,4.48465252,0.6987011,0.006386334,1.03820109,99.76998,63.1253166,4.993374,2.91688156,37,46.5323334
12/27/2019 16:38:48,10.76923,4.615384,6.153846,10.76923,8.076918,38,36,37,37,38,798.1183,798.1183,798.1183,798.1183,4.5118804,0.7477585,0.006513261,1.02987921,99.7647858,63.1780777,4.997547,2.91270828,37,46.5325279
12/27/2019 16:43:48,7.69230747,7.69230747,6.153846,4.615384,6.538457,39,36,38,37,39,798.1601,798.1601,798.1601,798.1601,4.080403,0.6514454,0.005592064,1.0318861,99.77001,63.2575,5.00383,2.90642548,37,46.5329781
12/27/2019 16:48:48,46.1538429,27.6923065,33.8461533,60.0000038,41.9230766,39,38,41,42,42,798.1594,798.1594,798.1594,798.1594,20.8221779,13.1569738,0.008761674,1.57404077,99.76993,63.5159874,5.02427673,2.8859787,37,46.5333
12/27/2019 16:53:48,15.3846149,4.615384,6.153846,6.153846,8.076924,39,36,39,38,39,798.1598,798.1598,798.1598,798.1598,4.84224653,0.8141564,0.005531934,1.025332,99.76997,63.41838,5.016556,2.89369965,37,46.5335045
12/27/2019 16:58:48,27.6923065,10.76923,19.9999981,46.1538429,26.15385,41,39,42,42,43,3292.409,3292.409,3292.409,3292.409,16.1818542,8.922565,0.009661847,1.34761763,99.7699661,63.5462723,5.02667236,2.883583,37,46.53306
12/27/2019 17:03:48,10.76923,3.076923,13.8461533,1.53846145,7.30769634,38,36,38,37,40,798.1597,798.1597,798.1597,798.1597,4.63961172,0.70611167,0.00614534039,1.03663456,99.7699661,63.5495,5.026928,2.88332748,37,46.53339
12/27/2019 17:08:48,16.9230766,7.69230747,12.3076916,1.53846145,9.615385,40,36,38,39,40,798.159668,798.159668,798.159668,798.159668,4.322283,0.6777347,0.00500062,1.02910352,99.76996,63.67879,5.037155,2.87310028,37,46.53383
12/27/2019 17:13:49,13.8461533,6.153846,3.076923,16.9230766,9.999996,39,36,37,38,40,798.1599,798.1599,798.1599,798.1599,4.46555376,0.702496767,0.00602484355,1.03753829,99.76999,63.6744537,5.036812,2.8734436,37,46.5339966
12/27/2019 17:18:49,15.3846149,9.230768,7.69230747,7.69230747,10.0000019,40,37,40,36,40,798.16,798.16,798.16,798.16,4.55775547,0.707749963,0.00519161532,1.0275172,99.77,63.81975,5.04830551,2.86195,37,46.5343437
12/27/2019 17:23:49,13.8461533,7.69230747,3.076923,7.69230747,8.076924,39,35,37,37,38,798.1601,798.1601,798.1601,798.1601,4.63437,0.759070039,0.00578385,1.03994823,99.77001,63.7943878,5.046299,2.86395645,37,46.5346565
12/27/2019 17:28:49,12.3076916,3.076923,6.153846,12.3076916,8.4615345,40,37,39,37,40,798.1602,798.1602,798.1602,798.1602,4.59133863,0.7990694,0.00529663358,1.04421926,99.77003,63.9020271,5.05481339,2.855442,37,46.53496
12/27/2019 17:33:49,12.3076916,6.153846,4.615384,9.230768,8.076918,38,36,38,37,39,798.16,798.16,798.16,798.16,4.46030235,0.7364688,0.005592064,1.03946245,99.77,63.93096,5.057102,2.85315323,37,46.5334625
12/27/2019 17:38:49,10.76923,13.8461533,6.153846,6.153846,9.230768,38,36,39,37,39,798.1597,798.1597,798.1597,798.1597,4.553263,0.6951597,0.006253491,1.03934216,99.7699661,64.0182,5.064003,2.84625244,37,46.5338173
12/27/2019 17:43:49,3.076923,4.615384,9.230768,3.076923,5.000007,39,36,37,37,39,798.1596,798.1596,798.1596,798.1596,4.38800955,0.588519633,0.005135737,1.047332,99.76995,64.11615,5.07175064,2.83850479,37,46.53412
12/27/2019 17:48:50,16.9230766,9.230768,4.615384,10.76923,10.384613,39,36,39,39,40,798.1599,798.1599,798.1599,798.1599,4.41759,0.6496723,0.005328161,1.03366327,99.76999,64.23574,5.081211,2.82904434,37,46.5344162
12/27/2019 17:53:50,21.53846,7.69230747,4.615384,6.153846,9.999996,39,36,37,37,39,798.1601,798.1601,798.1601,798.1601,4.668531,0.7138837,0.006506831,1.03446567,99.77001,64.23598,5.08123,2.82902527,37,46.53476
12/27/2019 17:58:50,15.3846149,12.3076916,15.3846149,9.230768,13.0769253,40,37,39,38,40,798.159851,798.159851,798.159851,798.159851,4.52530241,0.660765469,0.004509729,1.03633571,99.76998,64.31738,5.08766937,2.822586,37,46.5351753
12/27/2019 18:03:50,41.53846,15.3846149,38.4615364,69.2307739,41.1538467,44,42,44,44,45,3491.94946,3491.94946,3491.94946,3591.71948,23.9171829,15.5224667,0.008555278,1.51705563,99.76998,64.44151,5.0974884,2.812767,37,46.53463
12/27/2019 18:08:50,9.230768,6.153846,10.76923,7.69230747,8.461541,39,36,37,38,39,798.1599,798.1599,997.6999,997.6999,4.51906252,0.7591759,0.0048389826,1.03892958,99.76999,64.47575,5.100197,2.81005859,37,46.5349579
12/27/2019 18:13:50,35.384613,29.2307682,9.230768,24.6153831,24.6153831,42,38,41,45,46,3491.95044,3491.95044,3591.72046,3491.95044,17.606636,10.0643339,0.008923093,1.34189594,99.77001,64.54053,5.10532,2.80493546,37,46.5351753
12/27/2019 18:18:51,6.153846,10.76923,7.69230747,4.615384,7.30769062,39,36,40,38,40,1197.24023,1197.24023,1197.24023,1197.24023,4.449889,0.7232222,0.004398136,1.03753829,99.77002,64.65505,5.11438,2.79587555,37,46.5355949
12/27/2019 18:23:51,12.3076916,9.230768,12.3076916,3.076923,9.230768,40,37,38,38,40,798.160461,798.160461,798.160461,798.160461,4.598845,0.7212834,0.00591018144,1.04037285,99.77006,64.68973,5.11712265,2.79313278,37,46.536026
12/27/2019 18:28:51,7.69230747,4.615384,6.153846,9.230768,6.92307949,40,36,37,37,40,798.1599,798.1599,798.1599,798.1599,4.504269,0.714599133,0.004925784,1.04162312,99.76999,64.71355,5.119007,2.79124832,37,46.5362358
12/27/2019 18:33:51,12.3076916,10.76923,10.76923,13.8461533,11.9230747,40,36,38,40,40,798.1599,798.1599,798.1599,798.1599,4.531571,0.726025,0.0053957263,1.04389322,99.76999,64.75401,5.12220764,2.78804779,37,46.53668
12/27/2019 18:38:51,12.3076916,4.615384,9.230768,9.230768,8.846151,39,36,37,37,39,798.1598,798.1598,798.1598,798.1598,4.79336548,0.8283557,0.00686832145,1.03994823,99.76997,64.80585,5.12630844,2.783947,37,46.53605
12/27/2019 18:43:51,9.230768,6.153846,9.230768,4.615384,7.30769062,41,36,38,39,40,798.159363,798.159363,798.159363,798.159363,4.64419031,0.8139564,0.005723601,1.03585136,99.76992,64.88484,5.132557,2.77769852,37,46.5363045
12/27/2019 18:48:51,4.615384,3.076923,6.153846,6.153846,5.000001,39,36,38,37,40,997.7,997.7,997.7,997.7,3.93900537,0.52207303,0.004144867,1.03952062,99.77,65.03955,5.14479446,2.765461,37,46.5366554
12/27/2019 18:53:52,9.230768,6.153846,12.3076916,13.8461533,10.3846188,40,36,39,37,40,798.160156,798.160156,798.160156,798.160156,4.533454,0.7358744,0.007049067,1.04296064,99.77002,65.04779,5.145447,2.76480865,37,46.5370674
12/27/2019 18:58:52,4.615384,9.230768,6.153846,12.3076916,8.076924,39,36,38,37,39,1197.23962,1197.23962,1197.23962,1197.23962,4.703776,0.837573767,0.00602484355,1.03271842,99.7699661,65.1161346,5.150852,2.75940323,37,46.537384
12/27/2019 19:03:52,9.230768,7.69230747,7.69230747,9.230768,8.4615345,39,36,37,38,39,1197.24011,1197.24011,1197.24011,1197.24011,4.3653,0.7100881,0.005121117,1.03958678,99.77001,65.19338,5.15696335,2.753292,37,46.5377121
12/27/2019 19:08:52,9.230768,7.69230747,10.76923,4.615384,8.076918,40,36,37,38,39,997.6999,997.6999,997.6999,997.6999,4.516403,0.7207148,0.005171156,1.02893972,99.76999,65.31125,5.16628647,2.743969,37,46.53801
12/27/2019 19:13:52,9.230768,10.76923,7.69230747,6.153846,8.461541,40,36,39,38,39,1496.55042,1496.55042,1496.55042,1496.55042,4.456455,0.804426253,0.005838335,1.03350568,99.77003,65.38855,5.17240143,2.737854,37,46.53752
12/27/2019 19:18:52,29.2307682,16.9230766,36.9230728,24.6153831,26.9230728,41,39,41,41,41,3491.95166,3491.95166,3491.95166,3491.95166,9.703854,4.296038,0.0411300361,1.20036983,99.77004,65.63701,5.19205475,2.71820068,37,46.53698
12/27/2019 19:23:52,15.3846149,4.615384,7.69230747,10.76923,9.615385,39,36,38,37,40,798.160034,798.160034,798.160034,798.160034,4.757638,0.7646129,0.005060869,1.02844083,99.7700043,65.52319,5.183052,2.72720337,37,46.53714
12/27/2019 19:28:53,36.9230728,23.0769215,44.6153831,44.6153831,37.3076935,42,39,41,41,42,3491.94946,3292.40942,3491.94946,3292.40942,23.0132027,14.7591515,0.008349805,1.47136772,99.76998,65.64221,5.19246674,2.7177887,37,46.5373764
12/27/2019 19:33:53,9.230768,7.69230747,4.615384,6.153846,6.923074,39,36,37,37,39,798.159546,798.159546,798.159546,798.159546,4.413921,0.759552,0.005663353,1.03054953,99.76994,65.78786,5.203987,2.70626831,37,46.5378
12/27/2019 19:38:53,36.9230728,9.230768,16.9230766,16.9230766,19.9999981,45,40,41,41,44,3591.719,3292.409,3491.949,3292.409,13.907877,7.155752,0.00854684,1.38687539,99.76997,65.7144,5.19817734,2.712078,37,46.538147
12/27/2019 19:43:53,10.76923,10.76923,4.615384,7.69230747,8.461541,39,37,39,36,39,798.1599,798.1599,798.1599,798.1599,4.460548,0.714564,0.00493549975,1.03922355,99.76999,65.7345657,5.199772,2.71048355,37,46.53845
12/27/2019 19:48:53,7.69230747,6.153846,12.3076916,1.53846145,6.92307949,39,37,39,38,39,798.1599,798.1599,798.1599,798.1599,4.78195763,0.880625546,0.00613928,1.03326488,99.76999,65.84442,5.20846176,2.70179367,37,46.5380669
12/27/2019 19:53:53,12.3076916,6.153846,3.076923,9.230768,7.69230127,39,36,39,38,40,798.159546,798.159546,798.159546,798.159546,4.77819824,0.8062289,0.00425245147,1.03418422,99.76994,65.8517456,5.2090416,2.70121384,37,46.5382576
12/27/2019 19:58:53,6.153846,3.076923,12.3076916,6.153846,6.923074,40,37,40,40,40,1696.09058,1696.09058,1696.09058,1696.09058,4.38164854,0.6575631,0.00485824235,1.027579,99.7700348,65.91623,5.214142,2.69611359,37,46.5391426
12/27/2019 20:03:54,13.8461533,7.69230747,3.076923,9.230768,8.4615345,40,36,38,38,40,2394.48145,2394.48145,2394.48145,2394.48145,4.64208174,0.77214396,0.00656707957,1.03705633,99.77006,65.95799,5.21744537,2.69281,37,46.53939
12/27/2019 20:08:54,4.615384,6.153846,6.153846,9.230768,6.53846264,38,39,39,39,40,1297.00952,1297.00952,1297.00952,1297.00952,4.43205,0.7694307,0.005155917,1.0302242,99.7699661,66.0002747,5.220791,2.68946457,37,46.5398636
12/27/2019 20:13:54,12.3076916,3.076923,9.230768,9.230768,8.4615345,39,36,38,37,40,798.160034,798.160034,798.160034,798.160034,4.40938759,0.6339108,0.00535682263,1.02784789,99.7700043,66.04996,5.22472,2.68553543,37,46.5400467
12/27/2019 20:18:54,10.76923,7.69230747,4.615384,9.230768,8.076918,39,36,38,37,39,798.1599,798.1599,798.1599,798.1599,4.843333,0.7817119,0.005729257,1.04543865,99.76999,66.217865,5.238003,2.67225266,37,46.5404968
12/27/2019 20:23:54,12.3076916,7.69230747,6.153846,12.3076916,9.615385,39,36,39,37,39,798.16,798.16,798.16,798.16,4.65568066,0.787513137,0.00535682263,1.03332508,99.77,66.24242,5.23994446,2.670311,37,46.5399628
12/27/2019 20:28:54,4.615384,3.076923,7.69230747,12.3076916,6.92307949,39,36,38,37,39,798.1604,798.1604,798.1604,798.1604,4.67889357,0.801243961,0.004699378,1.03808057,99.77005,66.28114,5.24300766,2.66724777,37,46.5403137
12/27/2019 20:33:54,16.9230766,4.615384,9.230768,3.076923,8.4615345,38,35,38,37,39,1496.54858,1496.54858,1496.54858,1496.54858,4.39548159,0.6190269,0.006007054,1.03879976,99.7699051,66.29257,5.24391174,2.66634369,37,46.5406075
12/27/2019 20:38:55,4.615384,4.615384,13.8461533,9.230768,8.076918,39,35,39,38,39,997.699951,997.699951,798.16,798.16,4.508767,0.68824476,0.005111026,1.036937,99.77,66.36882,5.249943,2.66031265,37,46.54088
12/27/2019 20:43:55,21.53846,13.8461533,12.3076916,13.8461533,15.3846149,39,36,38,37,40,1895.62927,1895.62927,1895.62927,1895.62927,5.61338234,1.21374083,0.0291019753,1.09326816,99.7699661,66.45629,5.25686264,2.65339279,37,46.54122
12/27/2019 20:48:55,6.153846,6.153846,7.69230747,7.69230747,6.92307949,39,37,39,37,39,798.1602,798.1602,798.1602,798.1602,4.337321,0.677936554,0.00503106927,1.04179072,99.77003,66.6285553,5.27048874,2.63976669,37,46.54163
12/27/2019 20:53:55,56.92308,24.6153831,39.9999962,46.1538429,41.9230766,43,44,45,45,45,3491.95044,3491.95044,3491.95044,3491.95044,22.79102,14.5443335,0.008916768,1.39222085,99.77001,66.74174,5.279442,2.6308136,37,46.5419922
12/27/2019 20:58:55,10.76923,10.76923,6.153846,9.230768,9.230768,39,38,39,36,39,798.1598,798.1598,798.1598,798.1598,4.580138,0.807708442,0.005466419,1.03441465,99.76997,66.640274,5.27141571,2.63883972,37,46.54144
12/27/2019 21:03:55,13.8461533,13.8461533,19.9999981,39.9999962,21.9230766,39,38,40,40,40,1197.23962,1197.23962,1197.23962,1197.23962,14.9255905,8.213021,0.0286276247,1.12086284,99.7699661,66.76512,5.281292,2.62896347,37,46.54191
12/27/2019 21:08:55,13.8461533,6.153846,9.230768,3.076923,8.07693,38,37,38,38,39,1197.23975,1197.23975,1197.23975,1197.23975,4.514545,0.7060609,0.00557558471,1.04707086,99.76998,66.81914,5.28556442,2.624691,37,46.5421066
12/27/2019 21:13:56,9.230768,3.076923,4.615384,6.153846,5.769229,40,37,39,37,40,798.16,798.16,798.16,798.16,4.38331461,0.716052651,0.005060869,1.040611,99.77,66.94259,5.29533,2.61492538,37,46.54171
12/27/2019 21:18:56,13.8461533,6.153846,9.230768,7.69230747,9.230775,38,37,38,37,39,798.16,798.16,798.16,798.16,4.5685873,0.766446948,0.00493549975,1.02965355,99.77,67.04868,5.30372238,2.606533,37,46.5421677
12/27/2019 21:23:56,10.76923,10.76923,3.076923,6.153846,7.69230747,38,37,39,40,40,997.6998,997.6998,997.6998,997.6998,4.438201,0.6761682,0.00488012331,1.03289914,99.76998,67.0958,5.30744934,2.602806,37,46.54248
12/27/2019 21:28:56,12.3076916,6.153846,3.076923,6.153846,6.923074,40,37,39,36,38,798.1601,798.1601,798.1601,798.1601,4.13474464,0.5498267,0.00535682263,1.04193211,99.77001,67.14465,5.31131363,2.5989418,37,46.5419922
12/27/2019 21:33:56,9.230768,6.153846,10.76923,9.230768,8.846151,39,36,39,38,40,798.159851,798.159851,798.159851,798.159851,4.56181526,0.855951,0.005910181,1.040433,99.76998,67.19856,5.31557846,2.594677,37,46.5423
12/27/2019 21:38:56,9.230768,9.230768,7.69230747,6.153846,8.076924,38,37,37,38,39,798.159851,798.159851,798.159851,798.159851,4.542594,0.827772,0.006127195,1.03279281,99.76998,67.2249,5.31766129,2.59259415,37,46.54262
12/27/2019 21:43:56,13.8461533,13.8461533,9.230768,7.69230747,11.1538467,39,37,39,38,39,798.1598,798.1598,798.1598,798.1598,4.596376,0.714280963,0.005592064,1.03026259,99.76997,67.28162,5.32214737,2.588108,37,46.54306
12/27/2019 21:48:57,15.3846149,6.153846,9.230768,3.076923,8.4615345,38,36,39,37,40,798.159851,798.159851,798.159851,798.159851,4.194962,0.553024054,0.00536740944,1.03717649,99.76998,67.44037,5.33470535,2.57555,37,46.5432549
12/27/2019 21:53:57,12.3076916,4.615384,9.230768,6.153846,8.076924,40,36,39,38,39,798.159851,798.159851,798.159851,798.159851,4.76149225,0.757634461,0.00655413931,1.0391618,99.76998,67.4478455,5.33529663,2.5749588,37,46.54366
12/27/2019 21:58:57,9.230768,12.3076916,9.230768,6.153846,9.230768,39,36,39,37,39,798.1598,798.1598,798.1598,798.1598,4.435048,0.66960454,0.00493063731,1.0369972,99.76997,67.54246,5.342781,2.56747437,37,46.5438347
12/27/2019 22:03:57,6.153846,4.615384,10.76923,7.69230747,7.30769062,39,37,39,37,41,997.699646,997.699646,997.699646,997.699646,4.528658,0.6779561,0.00516606634,1.0496726,99.7699661,73.12201,5.78413773,2.12611771,37,46.54426
12/27/2019 22:08:57,32.30769,30.76923,46.1538429,66.15385,43.8461533,41,39,41,42,42,798.1596,798.1596,798.1596,798.1596,24.08242,15.770833,0.0107420525,1.5985254,99.76995,68.50565,5.418972,2.49128342,37,46.544342
12/27/2019 22:13:57,10.76923,9.230768,12.3076916,13.8461533,11.5384636,39,36,38,39,40,1197.24036,1197.24036,1197.24036,1197.24036,4.69049549,0.7196299,0.00616359431,1.034094,99.77003,67.71867,5.35672,2.55353546,37,46.5441551
12/27/2019 22:18:58,28.9855061,13.0434809,27.536232,49.2753639,29.71015,45,44,43,42,44,3292.41,3292.41,3491.95,3491.95,18.5735931,11.1418142,0.00944605,1.36911166,99.77,67.9584,5.375683,2.5345726,37,46.54454
12/27/2019 22:23:58,18.4615364,4.615384,6.153846,4.615384,8.4615345,39,36,39,37,40,798.160156,798.160156,798.160156,798.160156,4.545532,0.702226,0.006091105,1.03868413,99.77002,67.891655,5.37040329,2.53985214,37,46.5447578
12/27/2019 22:28:58,7.69230747,6.153846,13.8461533,9.230768,9.230768,39,37,40,38,40,997.6797,997.6797,997.6797,997.6797,4.73624945,0.745269835,0.006295015,1.0347805,99.76797,68.02557,5.3809967,2.52925873,37,46.5448532
12/27/2019 22:33:58,3.076923,7.69230747,6.153846,7.69230747,6.153846,38,38,37,37,39,798.159668,798.159668,798.159668,798.159668,4.20560932,0.5500044,0.00581539469,1.03448081,99.76996,68.0359955,5.38182068,2.52843475,37,46.54516
12/27/2019 22:38:58,7.69230747,6.153846,3.076923,12.3076916,7.30769634,41,37,40,37,41,1995.40063,1995.40063,1995.40063,1995.40063,4.38853359,0.7364326,0.005262393,1.02852571,99.7700348,68.14633,5.39054871,2.51970673,37,46.54447
12/27/2019 22:43:58,6.153846,7.69230747,6.153846,12.3076916,8.076924,39,37,38,36,39,798.159546,798.159546,798.159546,798.159546,4.39740372,0.6374686,0.005706701,1.019397,99.76994,68.1379852,5.389889,2.52036667,37,46.5447
12/27/2019 22:48:58,4.615384,1.53846145,10.76923,13.8461533,7.69230747,39,37,39,37,40,997.7,997.7,997.7,997.7,4.49869061,0.660865068,0.00494037149,1.03157365,99.7700043,68.2933655,5.40217972,2.50807571,37,46.54505
12/27/2019 22:53:59,7.69230747,4.615384,7.69230747,7.69230747,6.92307949,39,36,38,37,40,798.1602,798.1602,798.1602,798.1602,4.56841564,0.706163466,0.005111026,1.03206646,99.77003,68.26949,5.40029144,2.509964,37,46.54517
12/27/2019 22:58:59,9.230768,0,12.3076916,9.230768,7.69230127,40,37,39,38,40,798.1601,798.1601,798.1601,798.1601,4.51820755,0.694017231,0.006012972,1.03002214,99.77001,68.4301758,5.413002,2.49725342,37,46.54547
12/27/2019 23:03:59,7.69230747,13.8461533,1.53846145,0,5.769229,39,36,39,40,40,798.1604,798.1604,798.1604,798.1604,4.653799,0.7089615,0.00485138828,1.0334655,99.77005,73.5256958,5.81607056,2.09418488,37,46.5464859
12/27/2019 23:08:59,13.8461533,12.3076916,6.153846,3.076923,8.846151,40,37,38,39,40,798.1599,798.1599,798.1599,798.1599,4.54947472,0.6599237,0.00535154529,1.03381026,99.76999,69.19536,5.47353,2.43672562,37,46.5468521
12/27/2019 23:13:59,4.615384,10.76923,4.615384,9.230768,7.30769634,39,36,39,39,39,798.160339,798.160339,798.160339,798.160339,4.736407,0.783159256,0.004402482,1.04182017,99.77004,68.4205856,5.412243,2.49801254,37,46.5455933
12/27/2019 23:18:59,12.3076916,15.3846149,10.76923,6.153846,11.1538467,40,36,39,37,39,798.159668,798.159668,798.159668,798.159668,4.451149,0.67098105,0.00281590433,1.03827286,99.76996,68.59743,5.42623138,2.484024,37,46.54539
12/27/2019 23:23:59,15.3846149,9.230768,9.230768,7.69230747,10.384613,39,37,38,38,40,1995.40137,1995.40137,1995.40137,1995.40137,5.311984,1.11827123,0.01271242,1.08579731,99.7700653,68.59834,5.426304,2.48395157,37,46.5456276
12/27/2019 23:29:00,10.76923,9.230768,4.615384,4.615384,7.30769062,39,36,39,37,39,798.1598,798.1598,798.1598,798.1598,4.46728849,0.7132056,0.00586726656,1.04806316,99.76997,68.66281,5.431404,2.47885132,37,46.5459328
12/27/2019 23:34:00,36.9230728,19.9999981,32.30769,33.8461533,30.76923,41,45,42,42,44,3491.94922,3392.1792,3491.94922,3292.40918,15.5503969,8.737609,0.0135223465,1.31076217,99.76997,68.8425446,5.44562149,2.464634,37,46.5463448
12/27/2019 23:39:00,9.230768,6.153846,6.153846,12.3076916,8.4615345,39,36,38,37,39,798.16,798.16,798.16,798.16,4.78869438,0.7400995,0.00440248242,1.03784,99.77,68.78627,5.44116974,2.46908569,37,46.5467072
12/27/2019 23:44:00,15.3846149,33.8461533,16.9230766,35.384613,25.3846111,42,40,44,41,44,3292.40942,3491.94946,3292.40942,3491.94946,14.0372829,7.16652346,0.009083204,1.36919975,99.76998,68.90717,5.450733,2.45952225,37,46.54696
12/27/2019 23:49:00,12.3076916,15.3846149,7.69230747,9.230768,11.153841,39,36,39,38,40,798.160034,798.160034,798.160034,798.160034,4.66096163,0.80088985,0.00645295251,1.03331673,99.7700043,69.0222855,5.459839,2.45041656,37,46.5464478
12/27/2019 23:54:00,7.69230747,6.153846,7.69230747,3.076923,6.153846,41,38,40,40,40,1895.62976,1895.62976,1895.62976,1895.62976,4.445964,0.688174248,0.007598804,1.03241217,99.76999,69.05454,5.462391,2.44786453,37,46.54666
12/27/2019 23:59:00,12.3076916,7.69230747,12.3076916,1.53846145,8.461541,38,37,38,37,39,798.1598,798.1598,798.1598,798.1598,4.60177565,0.7129197,0.00614534039,1.037237,99.76997,69.11694,5.467327,2.44292831,37,46.5471
